[
    {
        "id": "autoembed",
        "name": "AutoEmbed (recommended)",
        "urls": {
            "movie": "https://player.autoembed.cc/embed/movie/{id}",
            "tv": "https://player.autoembed.cc/embed/tv/{id}/{season}/{episode}"
        }
    },
    {
        "id": "pstream",
        "name": "P-Stream (recommended)",
        "urls": {
            "movie": "https://iframe.pstream.mov/media/tmdb-movie-{id}",
            "tv": "https://iframe.pstream.mov/media/tmdb-tv-{id}/{season}/{episode}"
        }
    },
    {
        "id": "multiembed",
        "name": "MultiEmbed",
        "urls": {
            "movie": "https://multiembed.mov/?video_id={id}&tmdb=1",
            "tv": "https://multiembed.mov/?video_id={id}&tmdb=1&s={season}&e={episode}"
        }
    },
    {
        "id": "moviesapi",
        "name": "MoviesAPI",
        "urls": {
            "movie": "https://moviesapi.club/movie/{id}",
            "tv": "https://moviesapi.club/tv/{id}-{season}-{episode}"
        }
    },
    {
        "id": "embedsu",
        "name": "EmbedSU",
        "urls": {
            "movie": "https://embed.su/embed/movie/{id}",
            "tv": "https://embed.su/embed/tv/{id}/{season}/{episode}"
        }
    },
    {
        "id": "hexa",
        "name": "Hexa",
        "urls": {
            "movie": "https://hexa.watch/watch/movie/{id}",
            "tv": "https://hexa.watch/watch/tv/{id}/{season}/{episode}"
        }
    },
    {
        "id": "vidlink",
        "name": "VidLink",
        "urls": {
            "movie": "https://vidlink.pro/movie/{id}",
            "tv": "https://vidlink.pro/tv/{id}/{season}/{episode}"
        }
    },
    {
        "id": "vidsrcXyz",
        "name": "VidSrcXyz",
        "urls": {
            "movie": "https://vidsrc.xyz/embed/movie/{id}",
            "tv": "https://vidsrc.xyz/embed/tv/{id}/{season}/{episode}"
        }
    },
    {
        "id": "vidsrcrip",
        "name": "VidSrcRIP",
        "urls": {
            "movie": "https://vidsrc.rip/embed/movie/{id}",
            "tv": "https://vidsrc.rip/embed/tv/{id}/{season}/{episode}"
        }
    },
    {
        "id": "vidsrcsu",
        "name": "VidSrcSU",
        "urls": {
            "movie": "https://vidsrc.su/embed/movie/{id}",
            "tv": "https://vidsrc.su/embed/tv/{id}/{season}/{episode}"
        }
    },
    {
        "id": "vidsrcvip",
        "name": "VidSrcVIP",
        "urls": {
            "movie": "https://vidsrc.vip/embed/movie/{id}",
            "tv": "https://vidsrc.vip/embed/tv/{id}/{season}/{episode}"
        }
    },
    {
        "id": "2embed",
        "name": "2Embed",
        "urls": {
            "movie": "https://www.2embed.cc/embed/{id}",
            "tv": "https://www.2embed.cc/embedtv/{id}&s={season}&e={episode}"
        }
    },
    {
        "id": "123embed",
        "name": "123Embed",
        "urls": {
            "movie": "https://play2.123embed.net/movie/{id}",
            "tv": "https://play2.123embed.net/tv/{id}/{season}/{episode}"
        }
    },
    {
        "id": "111movies",
        "name": "111Movies",
        "urls": {
            "movie": "https://111movies.com/movie/{id}",
            "tv": "https://111movies.com/tv/{id}/{season}/{episode}"
        }
    },
    {
        "id": "smashystream",
        "name": "SmashyStream",
        "urls": {
            "movie": "https://player.smashy.stream/movie/{id}",
            "tv": "https://player.smashy.stream/tv/{id}?s={season}&e={episode}"
        }
    },
    {
        "id": "videasy",
        "name": "VidEasy (4K)",
        "urls": {
            "movie": "https://player.videasy.net/movie/{id}?color=8834ec",
            "tv": "https://player.videasy.net/tv/{id}/{season}/{episode}?color=8834ec"
        }
    },
    {
        "id": "vidfast",
        "name": "VidFast (4K)",
        "urls": {
            "movie": "https://vidfast.pro/movie/{id}",
            "tv": "https://vidfast.pro/tv/{id}/{season}/{episode}"
        }
    },
    {
        "id": "vidify",
        "name": "Vidify",
        "urls": {
            "movie": "https://vidify.top/embed/movie/{id}",
            "tv": "https://vidify.top/embed/tv/{id}/{season}/{episode}"
        }
    },
    {
        "id": "flicky",
        "name": "Flicky",
        "urls": {
            "movie": "https://flicky.host/embed/movie/?id={id}",
            "tv": "https://flicky.host/embed/tv/{id}/{season}/{episode}"
        }
    },
    {
        "id": "rive",
        "name": "RiveStream",
        "urls": {
            "movie": "https://rivestream.org/embed?type=movie&id={id}",
            "tv": "https://rivestream.org/embed?type=tv&id={id}&season={season}&episode={episode}"
        }
    },
    {
        "id": "vidora",
        "name": "Vidora",
        "urls": {
            "movie": "https://vidora.su/movie/{id}",
            "tv": "https://vidora.su/tv/{id}/{season}/{episode}"
        }
    },
    {
        "id": "vidsrccc",
        "name": "VidSrcCC",
        "urls": {
            "movie": "https://vidsrc.cc/v2/embed/movie/{id}?autoPlay=false",
            "tv": "https://vidsrc.cc/v2/embed/tv/{id}/{season}/{episode}?autoPlay=false"
        }
    },
    {
        "id": "streamflix",
        "name": "StreamFlix",
        "urls": {
            "movie": "https://watch.streamflix.one/movie/{id}}/watch?server=1",
            "tv": "https://watch.streamflix.one/tv/{id}}/watch?server=1&season={season}}&episode={episode}}"
        }
    },
    {
        "id": "nebula",
        "name": "NebulaFlix",
        "urls": {
            "movie": "https://nebulaflix.stream/movie?mt={id}&server=1",
            "tv": "https://nebulaflix.stream/show?st={id}&season={season}&episode={episode}&server=1"
        }
    },
    {
        "id": "vidjoy",
        "name": "VidJoy",
        "urls": {
            "movie": "https://vidjoy.pro/embed/movie/{id}",
            "tv": "https://vidjoy.pro/embed/tv/{id}}/{season}/{episode}"
        }
    },
    {
        "id": "vidzee",
        "name": "VidZee",
        "urls": {
            "movie": "https://player.vidzee.wtf/embed/movie/{id}",
            "tv": "https://player.vidzee.wtf/embed/tv/{id}/{season}/{episode}"
        }
    },
    {
        "id": "spenflix",
        "name": "Spenflix",
        "urls": {
            "movie": "https://spencerdevs.xyz/movie/{id}",
            "tv": "https://spencerdevs.xyz/tv/{id}/{season}/{episode}"
        }
    },
    {
        "id": "uembed",
        "name": "UEmbed (premium)",
        "urls": {
            "movie": "https://uembed.site/?id={id}&apikey=thisisforsurenotapremiumkey_right?",
            "tv": "https://uembed.site/?id={id}&season={season}&episode={episode}&apikey=thisisforsurenotapremiumkey_right?"
        }
    }
]
