[
  {
    "name": "CS Online",
    "url": "https://unblocked-games.s3.amazonaws.com/games/2023/unity2/cs-online/index.html",
    "direct": true
  },
  {
    "name": "Hungry Lamu",
    "url": "https://glcdn.githack.com/technonyte00/vapor-game-assets/-/raw/main/hungry-lamu/index.html"
  },
  {
    "name": "Bonk.io",
    "url": "https://bonk.io",
    "direct": true
  },
  {
    "name": "Hitbox.io",
    "url": "https://hitbox.io",
    "direct": true
  },
  {
    "name": "Grow a Garden",
    "url": "https://growden.io",
    "direct": true
  },
  {
    "name": "Bowmasters",
    "cover": "{COVER_URL}/0.png",
    "url": "{HTML_URL}/0.html"
  },
  {
    "name": "OvO",
    "cover": "{COVER_URL}/1.png",
    "url": "{HTML_URL}/1.html"
  },
  {
    "name": "OvO 2",
    "cover": "{COVER_URL}/2.png",
    "url": "{HTML_URL}/2.html"
  },
  {
    "name": "OvO 3 Dimensions",
    "cover": "{COVER_URL}/3.png",
    "url": "{HTML_URL}/3.html"
  },
  {
    "name": "Gladihoppers",
    "cover": "{COVER_URL}/4.png",
    "url": "{HTML_URL}/4.html"
  },
  {
    "name": "Ice Dodo",
    "cover": "{COVER_URL}/5.png",
    "url": "{HTML_URL}/5.html"
  },
  {
    "name": "Block Blast",
    "cover": "{COVER_URL}/6.png",
    "url": "{HTML_URL}/6.html"
  },
  {
    "name": "Jetpack Joyride",
    "cover": "{COVER_URL}/7.png",
    "url": "{HTML_URL}/7.html"
  },
  {
    "name": "Friday Night Funkin",
    "cover": "{COVER_URL}/8.png",
    "url": "{HTML_URL}/8.html"
  },
  {
    "name": "Sprunki",
    "cover": "{COVER_URL}/9.png",
    "url": "{HTML_URL}/9.html"
  },
  {
    "name": "Temple Run 2",
    "cover": "{COVER_URL}/10.png",
    "url": "{HTML_URL}/10.html"
  },
  {
    "name": "Stickman Hook",
    "cover": "{COVER_URL}/11.png",
    "url": "{HTML_URL}/11.html"
  },
  {
    "name": "Subway Surfers: San Francisco",
    "cover": "{COVER_URL}/12.png",
    "url": "{HTML_URL}/12.html"
  },
  {
    "name": "Attack Hole",
    "cover": "{COVER_URL}/13.png",
    "url": "{HTML_URL}/13.html"
  },
  {
    "name": "Bridge Race",
    "cover": "{COVER_URL}/14.png",
    "url": "{HTML_URL}/14.html"
  },
  {
    "name": "Color Water Sort 3D",
    "cover": "{COVER_URL}/15.png",
    "url": "{HTML_URL}/15.html"
  },
  {
    "name": "Hide N Seek",
    "cover": "{COVER_URL}/16.png",
    "url": "{HTML_URL}/16.html"
  },
  {
    "name": "Magic Tiles 3",
    "cover": "{COVER_URL}/17.png",
    "url": "{HTML_URL}/17.html"
  },
  {
    "name": "Stacky Dash",
    "cover": "{COVER_URL}/18.png",
    "url": "{HTML_URL}/18.html"
  },
  {
    "name": "Supreme Duelist",
    "cover": "{COVER_URL}/19.png",
    "url": "{HTML_URL}/19.html"
  },
  {
    "name": "Tall Man Run",
    "cover": "{COVER_URL}/20.png",
    "url": "{HTML_URL}/20.html"
  },
  {
    "name": "Turbo Stars",
    "cover": "{COVER_URL}/21.png",
    "url": "{HTML_URL}/21.html"
  },
  {
    "name": "Mob Control HTML5",
    "cover": "{COVER_URL}/22.png",
    "url": "{HTML_URL}/22.html"
  },
  {
    "name": "Pou",
    "cover": "{COVER_URL}/23.png",
    "url": "{HTML_URL}/23.html"
  },
  {
    "name": "Crossy Road",
    "cover": "{COVER_URL}/24.png",
    "url": "{HTML_URL}/24.html"
  },
  {
    "name": "Basket Battle",
    "cover": "{COVER_URL}/25.png",
    "url": "{HTML_URL}/25.html"
  },
  {
    "name": "Amaze",
    "cover": "{COVER_URL}/26.png",
    "url": "{HTML_URL}/26.html"
  },
  {
    "name": "Geometry Dash Lite",
    "cover": "{COVER_URL}/27.png",
    "url": "{HTML_URL}/27.html"
  },
  {
    "name": "Basketball Frvr",
    "cover": "{COVER_URL}/28.png",
    "url": "{HTML_URL}/28.html"
  },
  {
    "name": "Bazooka Boy",
    "cover": "{COVER_URL}/29.png",
    "url": "{HTML_URL}/29.html"
  },
  {
    "name": "Bottle Jump 3D",
    "cover": "{COVER_URL}/30.png",
    "url": "{HTML_URL}/30.html"
  },
  {
    "name": "Color Match",
    "cover": "{COVER_URL}/31.png",
    "url": "{HTML_URL}/31.html"
  },
  {
    "name": "Dig Deep",
    "cover": "{COVER_URL}/32.png",
    "url": "{HTML_URL}/32.html"
  },
  {
    "name": "Retro Bowl",
    "cover": "{COVER_URL}/33.png",
    "url": "{HTML_URL}/33.html"
  },
  {
    "name": "Retro Bowl College",
    "cover": "{COVER_URL}/34.png",
    "url": "{HTML_URL}/34.html"
  },
  {
    "name": "Drive Mad",
    "cover": "{COVER_URL}/35.png",
    "url": "{HTML_URL}/35.html"
  },
  {
    "name": "Monster Tracks",
    "cover": "{COVER_URL}/36.png",
    "url": "{HTML_URL}/36.html"
  },
  {
    "name": "Gobble",
    "cover": "{COVER_URL}/37.png",
    "url": "{HTML_URL}/37.html"
  },
  {
    "name": "Five Nights at Freddy's",
    "cover": "{COVER_URL}/38.png",
    "url": "{HTML_URL}/38.html"
  },
  {
    "name": "Five Nights at Freddy's 2",
    "cover": "{COVER_URL}/39.png",
    "url": "{HTML_URL}/39.html"
  },
  {
    "name": "Five Nights at Freddy's 3",
    "cover": "{COVER_URL}/40.png",
    "url": "{HTML_URL}/40.html"
  },
  {
    "name": "Five Nights at Freddy's 4",
    "cover": "{COVER_URL}/41.png",
    "url": "{HTML_URL}/41.html"
  },
  {
    "name": "Road of Fury",
    "cover": "{COVER_URL}/42.png",
    "url": "{HTML_URL}/42.html"
  },
  {
    "name": "Driven Wild",
    "cover": "{COVER_URL}/43.png",
    "url": "{HTML_URL}/43.html"
  },
  {
    "name": "Ragdoll Hit",
    "cover": "{COVER_URL}/44.png",
    "url": "{HTML_URL}/44.html"
  },
  {
    "name": "Vex 1",
    "cover": "{COVER_URL}/45.png",
    "url": "{HTML_URL}/45.html"
  },
  {
    "name": "Vex 2",
    "cover": "{COVER_URL}/46.png",
    "url": "{HTML_URL}/46.html"
  },
  {
    "name": "Vex 3",
    "cover": "{COVER_URL}/47.png",
    "url": "{HTML_URL}/47.html"
  },
  {
    "name": "Vex 3 XMAS",
    "cover": "{COVER_URL}/48.png",
    "url": "{HTML_URL}/48.html"
  },
  {
    "name": "Vex 4",
    "cover": "{COVER_URL}/49.png",
    "url": "{HTML_URL}/49.html"
  },
  {
    "name": "Vex 5",
    "cover": "{COVER_URL}/50.png",
    "url": "{HTML_URL}/50.html"
  },
  {
    "name": "Vex 6",
    "cover": "{COVER_URL}/51.png",
    "url": "{HTML_URL}/51.html"
  },
  {
    "name": "Vex 7",
    "cover": "{COVER_URL}/52.png",
    "url": "{HTML_URL}/52.html"
  },
  {
    "name": "Vex 8",
    "cover": "{COVER_URL}/53.png",
    "url": "{HTML_URL}/53.html"
  },
  {
    "name": "Vex Challenges",
    "cover": "{COVER_URL}/54.png",
    "url": "{HTML_URL}/54.html"
  },
  {
    "name": "Vex X3M",
    "cover": "{COVER_URL}/55.png",
    "url": "{HTML_URL}/55.html"
  },
  {
    "name": "Vex X3M 2",
    "cover": "{COVER_URL}/56.png",
    "url": "{HTML_URL}/56.html"
  },
  {
    "name": "Monkey Mart",
    "cover": "{COVER_URL}/57.png",
    "url": "{HTML_URL}/57.html"
  },
  {
    "name": "1v1.LoL",
    "cover": "{COVER_URL}/58.png",
    "url": "{HTML_URL}/58.html"
  },
  {
    "name": "A Dance of Fire and Ice",
    "cover": "{COVER_URL}/59.png",
    "url": "{HTML_URL}/59.html"
  },
  {
    "name": "Achievement Unlocked",
    "cover": "{COVER_URL}/60.png",
    "url": "{HTML_URL}/60.html"
  },
  {
    "name": "Achievement Unlocked 2",
    "cover": "{COVER_URL}/61.png",
    "url": "{HTML_URL}/61.html"
  },
  {
    "name": "Achievement Unlocked 3",
    "cover": "{COVER_URL}/62.png",
    "url": "{HTML_URL}/62.html"
  },
  {
    "name": "Angry Birds",
    "cover": "{COVER_URL}/63.png",
    "url": "{HTML_URL}/63.html"
  },
  {
    "name": "Backrooms",
    "cover": "{COVER_URL}/64.png",
    "url": "{HTML_URL}/64.html"
  },
  {
    "name": "Baldi's Basics",
    "cover": "{COVER_URL}/65.png",
    "url": "{HTML_URL}/65.html"
  },
  {
    "name": "Basket Random",
    "cover": "{COVER_URL}/66.png",
    "url": "{HTML_URL}/66.html"
  },
  {
    "name": "Big Tower Tiny Square",
    "cover": "{COVER_URL}/67.png",
    "url": "{HTML_URL}/67.html"
  },
  {
    "name": "Big NEON Tower Tiny Square",
    "cover": "{COVER_URL}/68.png",
    "url": "{HTML_URL}/68.html"
  },
  {
    "name": "Big ICE Tower Tiny Square",
    "cover": "{COVER_URL}/69.png",
    "url": "{HTML_URL}/69.html"
  },
  {
    "name": "BitLife",
    "cover": "{COVER_URL}/70.png",
    "url": "{HTML_URL}/70.html"
  },
  {
    "name": "Bloons TD",
    "cover": "{COVER_URL}/71.png",
    "url": "{HTML_URL}/71.html"
  },
  {
    "name": "Bloons TD 2",
    "cover": "{COVER_URL}/72.png",
    "url": "{HTML_URL}/72.html"
  },
  {
    "name": "Bloons TD 3",
    "cover": "{COVER_URL}/73.png",
    "url": "{HTML_URL}/73.html"
  },
  {
    "name": "Bloons TD 4",
    "cover": "{COVER_URL}/74.png",
    "url": "{HTML_URL}/74.html"
  },
  {
    "name": "Bloons TD 5",
    "cover": "{COVER_URL}/75.png",
    "url": "{HTML_URL}/75.html"
  },
  {
    "name": "Bob The Robber 2",
    "cover": "{COVER_URL}/76.png",
    "url": "{HTML_URL}/76.html"
  },
  {
    "name": "Boxing Random",
    "cover": "{COVER_URL}/77.png",
    "url": "{HTML_URL}/77.html"
  },
  {
    "name": "Burrito Bison",
    "cover": "{COVER_URL}/78.png",
    "url": "{HTML_URL}/78.html"
  },
  {
    "name": "Cannon Basketball",
    "cover": "{COVER_URL}/79.png",
    "url": "{HTML_URL}/79.html"
  },
  {
    "name": "Cannon Basketball 2",
    "cover": "{COVER_URL}/80.png",
    "url": "{HTML_URL}/80.html"
  },
  {
    "name": "Cluster Rush",
    "cover": "{COVER_URL}/81.png",
    "url": "{HTML_URL}/81.html"
  },
  {
    "name": "Cookie Clicker",
    "cover": "{COVER_URL}/82.png",
    "url": "{HTML_URL}/82.html"
  },
  {
    "name": "Coreball",
    "cover": "{COVER_URL}/83.png",
    "url": "{HTML_URL}/83.html"
  },
  {
    "name": "Cubefield",
    "cover": "{COVER_URL}/84.png",
    "url": "{HTML_URL}/84.html"
  },
  {
    "name": "Cut the Rope",
    "cover": "{COVER_URL}/85.png",
    "url": "{HTML_URL}/85.html"
  },
  {
    "name": "Draw Climber",
    "cover": "{COVER_URL}/86.png",
    "url": "{HTML_URL}/86.html"
  },
  {
    "name": "Emulator.JS",
    "cover": "{COVER_URL}/87.png",
    "url": "{HTML_URL}/87.html"
  },
  {
    "name": "Fireboy and Watergirl 2",
    "cover": "{COVER_URL}/88.png",
    "url": "{HTML_URL}/88.html"
  },
  {
    "name": "Fireboy and Watergirl 3",
    "cover": "{COVER_URL}/89.png",
    "url": "{HTML_URL}/89.html"
  },
  {
    "name": "Granny",
    "cover": "{COVER_URL}/90.png",
    "url": "{HTML_URL}/90.html"
  },
  {
    "name": "Gunspin",
    "cover": "{COVER_URL}/91.png",
    "url": "{HTML_URL}/91.html"
  },
  {
    "name": "Highway Racer 2",
    "cover": "{COVER_URL}/92.png",
    "url": "{HTML_URL}/92.html"
  },
  {
    "name": "Johnny Trigger",
    "cover": "{COVER_URL}/93.png",
    "url": "{HTML_URL}/93.html"
  },
  {
    "name": "Journey Downhill",
    "cover": "{COVER_URL}/94.png",
    "url": "{HTML_URL}/94.html"
  },
  {
    "name": "Line Rider",
    "cover": "{COVER_URL}/95.png",
    "url": "{HTML_URL}/95.html"
  },
  {
    "name": "Moto X3M",
    "cover": "{COVER_URL}/96.png",
    "url": "{HTML_URL}/96.html"
  },
  {
    "name": "Moto X3M 2",
    "cover": "{COVER_URL}/97.png",
    "url": "{HTML_URL}/97.html"
  },
  {
    "name": "Moto X3M 3",
    "cover": "{COVER_URL}/98.png",
    "url": "{HTML_URL}/98.html"
  },
  {
    "name": "Moto X3M Spooky",
    "cover": "{COVER_URL}/99.png",
    "url": "{HTML_URL}/99.html"
  },
  {
    "name": "Moto X3M Winter",
    "cover": "{COVER_URL}/100.png",
    "url": "{HTML_URL}/100.html"
  },
  {
    "name": "Ninja vs EvilCorp",
    "cover": "{COVER_URL}/101.png",
    "url": "{HTML_URL}/101.html"
  },
  {
    "name": "Paper.io 2",
    "cover": "{COVER_URL}/102.png",
    "url": "{HTML_URL}/102.html"
  },
  {
    "name": "The World's Hardest Game",
    "cover": "{COVER_URL}/103.png",
    "url": "{HTML_URL}/103.html"
  },
  {
    "name": "The World's Hardest Game 3",
    "cover": "{COVER_URL}/104.png",
    "url": "{HTML_URL}/104.html"
  },
  {
    "name": "The World's Hardest Game 4",
    "cover": "{COVER_URL}/105.png",
    "url": "{HTML_URL}/105.html"
  },
  {
    "name": "This Is The Only Level",
    "cover": "{COVER_URL}/106.png",
    "url": "{HTML_URL}/106.html"
  },
  {
    "name": "This Is The Only Level 2",
    "cover": "{COVER_URL}/107.png",
    "url": "{HTML_URL}/107.html"
  },
  {
    "name": "Tiny Fishing",
    "cover": "{COVER_URL}/108.png",
    "url": "{HTML_URL}/108.html"
  },
  {
    "name": "Tomb Of The Mask",
    "cover": "{COVER_URL}/109.png",
    "url": "{HTML_URL}/109.html"
  },
  {
    "name": "Toss The Turtle",
    "cover": "{COVER_URL}/110.png",
    "url": "{HTML_URL}/110.html"
  },
  {
    "name": "Tube Jumpers",
    "cover": "{COVER_URL}/111.png",
    "url": "{HTML_URL}/111.html"
  },
  {
    "name": "Wordle",
    "cover": "{COVER_URL}/112.png",
    "url": "{HTML_URL}/112.html"
  },
  {
    "name": "Ruffle",
    "cover": "{COVER_URL}/113.png",
    "url": "{HTML_URL}/113.html"
  },
  {
    "name": "2048",
    "cover": "{COVER_URL}/114.png",
    "url": "{HTML_URL}/114.html"
  },
  {
    "name": "8 Ball Pool",
    "cover": "{COVER_URL}/115.png",
    "url": "{HTML_URL}/115.html"
  },
  {
    "name": "Offroad Mountain Bike",
    "cover": "{COVER_URL}/116.png",
    "url": "{HTML_URL}/116.html"
  },
  {
    "name": "Space Waves",
    "cover": "{COVER_URL}/117.png",
    "url": "{HTML_URL}/117.html"
  },
  {
    "name": "Solar Smash",
    "cover": "{COVER_URL}/118.png",
    "url": "{HTML_URL}/118.html"
  },
  {
    "name": "Snow Rider 3D",
    "cover": "{COVER_URL}/119.png",
    "url": "{HTML_URL}/119.html"
  },
  {
    "name": "Fortzone Battle Royale",
    "cover": "{COVER_URL}/120.png",
    "url": "{HTML_URL}/120.html"
  },
  {
    "name": "Brawl Guys.io",
    "cover": "{COVER_URL}/121.png",
    "url": "{HTML_URL}/121.html"
  },
  {
    "name": "Survival Race",
    "cover": "{COVER_URL}/122.png",
    "url": "{HTML_URL}/122.html"
  },
  {
    "name": "Poly Track",
    "cover": "{COVER_URL}/123.png",
    "url": "{HTML_URL}/123.html",
    "featured": true
  },
  {
    "name": "Moto X3M Pool Party",
    "cover": "{COVER_URL}/124.png",
    "url": "{HTML_URL}/124.html"
  },
  {
    "name": "Granny 2",
    "cover": "{COVER_URL}/125.png",
    "url": "{HTML_URL}/125.html"
  },
  {
    "name": "Granny 3",
    "cover": "{COVER_URL}/126.png",
    "url": "{HTML_URL}/126.html"
  },
  {
    "name": "Fashion Battle",
    "cover": "{COVER_URL}/127.png",
    "url": "{HTML_URL}/127.html"
  },
  {
    "name": "Slice it All",
    "cover": "{COVER_URL}/128.png",
    "url": "{HTML_URL}/128.html"
  },
  {
    "name": "Flappy Bird",
    "cover": "{COVER_URL}/129.png",
    "url": "{HTML_URL}/129.html"
  },
  {
    "name": "osu!",
    "cover": "{COVER_URL}/130.png",
    "url": "{HTML_URL}/130.html"
  },
  {
    "name": "Subway Surfers: Barcelona",
    "cover": "{COVER_URL}/131.png",
    "url": "{HTML_URL}/131.html"
  },
  {
    "name": "Subway Surfers: Beijing",
    "cover": "{COVER_URL}/132.png",
    "url": "{HTML_URL}/132.html"
  },
  {
    "name": "Subway Surfers: Berlin",
    "cover": "{COVER_URL}/133.png",
    "url": "{HTML_URL}/133.html"
  },
  {
    "name": "Subway Surfers: Buenos Aires",
    "cover": "{COVER_URL}/134.png",
    "url": "{HTML_URL}/134.html"
  },
  {
    "name": "Subway Surfers: Havana",
    "cover": "{COVER_URL}/135.png",
    "url": "{HTML_URL}/135.html"
  },
  {
    "name": "Subway Surfers: Houston",
    "cover": "{COVER_URL}/136.png",
    "url": "{HTML_URL}/136.html"
  },
  {
    "name": "Subway Surfers: Iceland",
    "cover": "{COVER_URL}/137.png",
    "url": "{HTML_URL}/137.html"
  },
  {
    "name": "Subway Surfers: London",
    "cover": "{COVER_URL}/138.png",
    "url": "{HTML_URL}/138.html"
  },
  {
    "name": "Subway Surfers: Mexico",
    "cover": "{COVER_URL}/139.png",
    "url": "{HTML_URL}/139.html"
  },
  {
    "name": "Subway Surfers: Miami",
    "cover": "{COVER_URL}/140.png",
    "url": "{HTML_URL}/140.html"
  },
  {
    "name": "Subway Surfers: Monaco",
    "cover": "{COVER_URL}/141.png",
    "url": "{HTML_URL}/141.html"
  },
  {
    "name": "Subway Surfers: New Orleans",
    "cover": "{COVER_URL}/142.png",
    "url": "{HTML_URL}/142.html"
  },
  {
    "name": "Subway Surfers: St. Petersburg",
    "cover": "{COVER_URL}/143.png",
    "url": "{HTML_URL}/143.html"
  },
  {
    "name": "Subway Surfers: Winter Holiday",
    "cover": "{COVER_URL}/144.png",
    "url": "{HTML_URL}/144.html"
  },
  {
    "name": "Subway Surfers: Zurich",
    "cover": "{COVER_URL}/145.png",
    "url": "{HTML_URL}/145.html"
  },
  {
    "name": "8 Ball Classic",
    "cover": "{COVER_URL}/146.png",
    "url": "{HTML_URL}/146.html"
  },
  {
    "name": "Angry Birds Showdown",
    "cover": "{COVER_URL}/147.png",
    "url": "{HTML_URL}/147.html"
  },
  {
    "name": "Archery World Tour",
    "cover": "{COVER_URL}/148.png",
    "url": "{HTML_URL}/148.html"
  },
  {
    "name": "Ball Blast",
    "cover": "{COVER_URL}/149.png",
    "url": "{HTML_URL}/149.html"
  },
  {
    "name": "Cannon Balls 3D",
    "cover": "{COVER_URL}/150.png",
    "url": "{HTML_URL}/150.html"
  },
  {
    "name": "Chess Classic",
    "cover": "{COVER_URL}/151.png",
    "url": "{HTML_URL}/151.html"
  },
  {
    "name": "Draw the Line",
    "cover": "{COVER_URL}/152.png",
    "url": "{HTML_URL}/152.html"
  },
  {
    "name": "Flappy Dunk",
    "cover": "{COVER_URL}/153.png",
    "url": "{HTML_URL}/153.html"
  },
  {
    "name": "Fork n Sausage",
    "cover": "{COVER_URL}/154.png",
    "url": "{HTML_URL}/154.html"
  },
  {
    "name": "Guess Their Answer",
    "cover": "{COVER_URL}/155.png",
    "url": "{HTML_URL}/155.html"
  },
  {
    "name": "Harvest.io",
    "cover": "{COVER_URL}/156.png",
    "url": "{HTML_URL}/156.html"
  },
  {
    "name": "Hill Climb Racing Lite",
    "cover": "{COVER_URL}/157.png",
    "url": "{HTML_URL}/157.html"
  },
  {
    "name": "Pac-Man Superfast",
    "cover": "{COVER_URL}/158.png",
    "url": "{HTML_URL}/158.html"
  },
  {
    "name": "Parking Rush",
    "cover": "{COVER_URL}/159.png",
    "url": "{HTML_URL}/159.html"
  },
  {
    "name": "Race Master 3D",
    "cover": "{COVER_URL}/160.png",
    "url": "{HTML_URL}/160.html"
  },
  {
    "name": "State.io",
    "cover": "{COVER_URL}/161.png",
    "url": "{HTML_URL}/161.html"
  },
  {
    "name": "Tower Crash 3D",
    "cover": "{COVER_URL}/162.png",
    "url": "{HTML_URL}/162.html"
  },
  {
    "name": "Trivia Crack",
    "cover": "{COVER_URL}/163.png",
    "url": "{HTML_URL}/163.html"
  },
  {
    "name": "Crazy Cattle 3D",
    "cover": "{COVER_URL}/164.png",
    "url": "{HTML_URL}/164-temp2.html"
  },
  {
    "name": "Cheese Chompers 3D",
    "cover": "{COVER_URL}/165.png",
    "url": "{HTML_URL}/165.html"
  },
  {
    "name": "Bad Parenting 1",
    "cover": "{COVER_URL}/166.png",
    "url": "{HTML_URL}/166.html"
  },
  {
    "name": "Blade Ball",
    "cover": "{COVER_URL}/167.png",
    "url": "{HTML_URL}/167.html"
  },
  {
    "name": "Blocky Snakes",
    "cover": "{COVER_URL}/168.png",
    "url": "{HTML_URL}/168.html"
  },
  {
    "name": "Bloxorz",
    "cover": "{COVER_URL}/169.png",
    "url": "{HTML_URL}/169.html"
  },
  {
    "name": "Big Tower Tiny Square 2",
    "cover": "{COVER_URL}/170.png",
    "url": "{HTML_URL}/170.html"
  },
  {
    "name": "Candy Crush",
    "cover": "{COVER_URL}/171.png",
    "url": "{HTML_URL}/171.html"
  },
  {
    "name": "Melon Playground",
    "cover": "{COVER_URL}/172.png",
    "url": "{HTML_URL}/172.html"
  },
  {
    "name": "Drift Hunters",
    "cover": "{COVER_URL}/173.png",
    "url": "{HTML_URL}/173.html"
  },
  {
    "name": "World Box",
    "cover": "{COVER_URL}/174.png",
    "url": "{HTML_URL}/174.html"
  },
  {
    "name": "Run 1",
    "cover": "{COVER_URL}/175.png",
    "url": "{HTML_URL}/175.html"
  },
  {
    "name": "Run 2",
    "cover": "{COVER_URL}/176.png",
    "url": "{HTML_URL}/176.html"
  },
  {
    "name": "Run 3",
    "cover": "{COVER_URL}/177.png",
    "url": "{HTML_URL}/177.html"
  },
  {
    "name": "Swords and Souls",
    "cover": "{COVER_URL}/178.png",
    "url": "{HTML_URL}/178.html"
  },
  {
    "name": "Soundboard",
    "cover": "{COVER_URL}/179.png",
    "url": "{HTML_URL}/179.html"
  },
  {
    "name": "n-gon",
    "cover": "{COVER_URL}/180.png",
    "url": "{HTML_URL}/180.html"
  },
  {
    "name": "Minecraft 1.8.8",
    "cover": "{COVER_URL}/181.png",
    "url": "{HTML_URL}/181.html"
  },
  {
    "name": "Minecraft 1.12.2",
    "cover": "{COVER_URL}/182.png",
    "url": "{HTML_URL}/182.html"
  },
  {
    "name": "Minecraft 1.21.4",
    "cover": "{COVER_URL}/183.png",
    "url": "{HTML_URL}/183.html"
  },
  {
    "name": "Undertale",
    "cover": "{COVER_URL}/184.png",
    "url": "{HTML_URL}/184.html"
  },
  {
    "name": "Five Nights at Freddy's: Sister Location",
    "cover": "{COVER_URL}/185.png",
    "url": "{HTML_URL}/185.html"
  },
  {
    "name": "Ragdoll Archers",
    "cover": "{COVER_URL}/186.png",
    "url": "{HTML_URL}/186.html"
  },
  {
    "name": "Papers, Please",
    "cover": "{COVER_URL}/187.png",
    "url": "{HTML_URL}/187.html"
  },
  {
    "name": "Scrap Metal 3",
    "cover": "{COVER_URL}/188.png",
    "url": "{HTML_URL}/188.html"
  },
  {
    "name": "Doki Doki Literature Club",
    "cover": "{COVER_URL}/189.png",
    "url": "{HTML_URL}/189.html"
  },
  {
    "name": "Five Nights at Freddy's: World",
    "cover": "{COVER_URL}/190.png",
    "url": "{HTML_URL}/190.html"
  },
  {
    "name": "Five Nights at Freddy's: Pizza Simulator",
    "cover": "{COVER_URL}/191.png",
    "url": "{HTML_URL}/191.html"
  },
  {
    "name": "Five Nights at Freddy's: Ultimate Custom Night",
    "cover": "{COVER_URL}/192.png",
    "url": "{HTML_URL}/192.html"
  },
  {
    "name": "Do NOT Take This Cat Home",
    "cover": "{COVER_URL}/193.png",
    "url": "{HTML_URL}/193.html"
  },
  {
    "name": "People Playground",
    "cover": "{COVER_URL}/194.png",
    "url": "{HTML_URL}/194.html"
  },
  {
    "name": "R.E.P.O",
    "cover": "{COVER_URL}/195.png",
    "url": "{HTML_URL}/195.html"
  },
  {
    "name": "ULTRAKILL",
    "cover": "{COVER_URL}/196.png",
    "url": "{HTML_URL}/196.html"
  },
  {
    "name": "Elastic Man",
    "cover": "{COVER_URL}/197.png",
    "url": "{HTML_URL}/197.html"
  },
  {
    "name": "Slope",
    "cover": "{COVER_URL}/198.png",
    "url": "{HTML_URL}/198.html"
  },
  {
    "name": "Time Shooter 1",
    "cover": "{COVER_URL}/199.png",
    "url": "{HTML_URL}/199.html"
  },
  {
    "name": "Time Shooter 2",
    "cover": "{COVER_URL}/200.png",
    "url": "{HTML_URL}/200.html"
  },
  {
    "name": "Time Shooter 3: SWAT",
    "cover": "{COVER_URL}/201.png",
    "url": "{HTML_URL}/201.html"
  },
  {
    "name": "Carrom Clash",
    "cover": "{COVER_URL}/202.png",
    "url": "{HTML_URL}/202.html"
  },
  {
    "name": "DOOM",
    "cover": "{COVER_URL}/203.png",
    "url": "{HTML_URL}/203.html"
  },
  {
    "name": "Five Nights at Winston's",
    "cover": "{COVER_URL}/204.png",
    "url": "{HTML_URL}/204.html"
  },
  {
    "name": "Buckshot Roulette",
    "cover": "{COVER_URL}/205.png",
    "url": "{HTML_URL}/205.html"
  },
  {
    "name": "Tunnel Rush",
    "cover": "{COVER_URL}/206.png",
    "url": "{HTML_URL}/206.html"
  },
  {
    "name": "Snowbattle.io",
    "cover": "{COVER_URL}/207.png",
    "url": "{HTML_URL}/207.html"
  },
  {
    "name": "Rolly Vortex",
    "cover": "{COVER_URL}/208.png",
    "url": "{HTML_URL}/208.html"
  },
  {
    "name": "Draw the Hill",
    "cover": "{COVER_URL}/209.png",
    "url": "{HTML_URL}/209.html"
  },
  {
    "name": "Dragon vs Bricks",
    "cover": "{COVER_URL}/210.png",
    "url": "{HTML_URL}/210.html"
  },
  {
    "name": "Death Run 3D",
    "cover": "{COVER_URL}/211.png",
    "url": "{HTML_URL}/211.html"
  },
  {
    "name": "Cut the Rope",
    "cover": "{COVER_URL}/212.png",
    "url": "{HTML_URL}/212.html"
  },
  {
    "name": "Cut the Rope: Time Travel",
    "cover": "{COVER_URL}/213.png",
    "url": "{HTML_URL}/213.html"
  },
  {
    "name": "Cut the Rope: Holiday Gift",
    "cover": "{COVER_URL}/214.png",
    "url": "{HTML_URL}/214.html"
  },
  {
    "name": "Bendy and the Ink Machine",
    "cover": "{COVER_URL}/215.png",
    "url": "{HTML_URL}/215.html"
  },
  {
    "name": "That's Not My Neighbor",
    "cover": "{COVER_URL}/216.png",
    "url": "{HTML_URL}/216.html"
  },
  {
    "name": "Hotline Miami",
    "cover": "{COVER_URL}/217.png",
    "url": "{HTML_URL}/217.html"
  },
  {
    "name": "Papa's Bakeria",
    "cover": "{COVER_URL}/218.png",
    "url": "{HTML_URL}/218.html"
  },
  {
    "name": "Papa's Burgeria",
    "cover": "{COVER_URL}/219.png",
    "url": "{HTML_URL}/219.html"
  },
  {
    "name": "Papa's Cheeseria",
    "cover": "{COVER_URL}/220.png",
    "url": "{HTML_URL}/220.html"
  },
  {
    "name": "Papa's Cupcakeria",
    "cover": "{COVER_URL}/221.png",
    "url": "{HTML_URL}/221.html"
  },
  {
    "name": "Papa's Donuteria",
    "cover": "{COVER_URL}/222.png",
    "url": "{HTML_URL}/222.html"
  },
  {
    "name": "Papa's Freezeria",
    "cover": "{COVER_URL}/223.png",
    "url": "{HTML_URL}/223.html"
  },
  {
    "name": "Papa's Hot Doggeria",
    "cover": "{COVER_URL}/224.png",
    "url": "{HTML_URL}/224.html"
  },
  {
    "name": "Papa's Pancakeria",
    "cover": "{COVER_URL}/225.png",
    "url": "{HTML_URL}/225.html"
  },
  {
    "name": "Papa's Pastaria",
    "cover": "{COVER_URL}/226.png",
    "url": "{HTML_URL}/226.html"
  },
  {
    "name": "Papa's Pizeria",
    "cover": "{COVER_URL}/227.png",
    "url": "{HTML_URL}/227.html"
  },
  {
    "name": "Papa's Scooperia",
    "cover": "{COVER_URL}/228.png",
    "url": "{HTML_URL}/228.html"
  },
  {
    "name": "Papa's Sushiria",
    "cover": "{COVER_URL}/229.png",
    "url": "{HTML_URL}/229.html"
  },
  {
    "name": "Papa's Taco Mia",
    "cover": "{COVER_URL}/230.png",
    "url": "{HTML_URL}/230.html"
  },
  {
    "name": "Papa's Wingeria",
    "cover": "{COVER_URL}/231.png",
    "url": "{HTML_URL}/231.html"
  },
  {
    "name": "Plants vs Zombies",
    "cover": "{COVER_URL}/232.png",
    "url": "{HTML_URL}/232.html"
  },
  {
    "name": "Superhot",
    "cover": "{COVER_URL}/233.png",
    "url": "{HTML_URL}/233.html"
  },
  {
    "name": "Duck Life",
    "cover": "{COVER_URL}/234.png",
    "url": "{HTML_URL}/234.html"
  },
  {
    "name": "Duck Life 2",
    "cover": "{COVER_URL}/235.png",
    "url": "{HTML_URL}/235.html"
  },
  {
    "name": "Duck Life 3",
    "cover": "{COVER_URL}/236.png",
    "url": "{HTML_URL}/236.html"
  },
  {
    "name": "Duck Life 4",
    "cover": "{COVER_URL}/237.png",
    "url": "{HTML_URL}/237.html"
  },
  {
    "name": "Duck Life 5",
    "cover": "{COVER_URL}/238.png",
    "url": "{HTML_URL}/238.html"
  },
  {
    "name": "Red Ball",
    "cover": "{COVER_URL}/239.png",
    "url": "{HTML_URL}/239.html"
  },
  {
    "name": "Red Ball 2",
    "cover": "{COVER_URL}/240.png",
    "url": "{HTML_URL}/240.html"
  },
  {
    "name": "Red Ball 3",
    "cover": "{COVER_URL}/241.png",
    "url": "{HTML_URL}/241.html"
  },
  {
    "name": "Red Ball 4",
    "cover": "{COVER_URL}/242.png",
    "url": "{HTML_URL}/242.html"
  },
  {
    "name": "Red Ball 4 Vol. 2",
    "cover": "{COVER_URL}/243.png",
    "url": "{HTML_URL}/243.html"
  },
  {
    "name": "Red Ball 4 Vol. 3",
    "cover": "{COVER_URL}/244.png",
    "url": "{HTML_URL}/244.html"
  },
  {
    "name": "Wheely",
    "cover": "{COVER_URL}/245.png",
    "url": "{HTML_URL}/245.html"
  },
  {
    "name": "Wheely 2",
    "cover": "{COVER_URL}/246.png",
    "url": "{HTML_URL}/246.html"
  },
  {
    "name": "Wheely 3",
    "cover": "{COVER_URL}/247.png",
    "url": "{HTML_URL}/247.html"
  },
  {
    "name": "Wheely 4",
    "cover": "{COVER_URL}/248.png",
    "url": "{HTML_URL}/248.html"
  },
  {
    "name": "Wheely 5",
    "cover": "{COVER_URL}/249.png",
    "url": "{HTML_URL}/249.html"
  },
  {
    "name": "Wheely 6",
    "cover": "{COVER_URL}/250.png",
    "url": "{HTML_URL}/250.html"
  },
  {
    "name": "Wheely 7",
    "cover": "{COVER_URL}/251.png",
    "url": "{HTML_URL}/251.html"
  },
  {
    "name": "Wheely 8",
    "cover": "{COVER_URL}/252.png",
    "url": "{HTML_URL}/252.html"
  },
  {
    "name": "Chat Bot (A.|.I)",
    "cover": "{COVER_URL}/253.png",
    "url": "{HTML_URL}/253.html"
  },
  {
    "name": "Crazy Chicken 3D",
    "cover": "{COVER_URL}/255.png",
    "url": "{HTML_URL}/255.html"
  },
  {
    "name": "Crazy Kitty 3D",
    "cover": "{COVER_URL}/256.png",
    "url": "{HTML_URL}/256.html"
  },
  {
    "name": "Google Baseball",
    "cover": "{COVER_URL}/257.png",
    "url": "{HTML_URL}/257.html"
  },
  {
    "name": "A Bite at Freddy's",
    "cover": "{COVER_URL}/258.png",
    "url": "{HTML_URL}/258.html"
  },
  {
    "name": "Class of '09",
    "cover": "{COVER_URL}/259.png",
    "url": "{HTML_URL}/259.html"
  },
  {
    "name": "Fruit Ninja",
    "cover": "{COVER_URL}/261.png",
    "url": "{HTML_URL}/261.html"
  },
  {
    "name": "Half Life",
    "cover": "{COVER_URL}/262.png",
    "url": "{HTML_URL}/262.html"
  },
  {
    "name": "Quake III Arena",
    "cover": "{COVER_URL}/263.png",
    "url": "{HTML_URL}/263.html"
  },
  {
    "name": "Escape Road",
    "cover": "{COVER_URL}/264.png",
    "url": "{HTML_URL}/264.html"
  },
  {
    "name": "Escape Road 2",
    "cover": "{COVER_URL}/265.png",
    "url": "{HTML_URL}/265.html"
  },
  {
    "name": "Speed Stars",
    "cover": "{COVER_URL}/266.png",
    "url": "{HTML_URL}/266.html"
  },
  {
    "name": "Pizza Tower",
    "cover": "{COVER_URL}/267.png",
    "url": "{HTML_URL}/267.html"
  },
  {
    "name": "Bacon May Die",
    "cover": "{COVER_URL}/268.png",
    "url": "{HTML_URL}/268.html"
  },
  {
    "name": "Bad Ice Cream",
    "cover": "{COVER_URL}/269.png",
    "url": "{HTML_URL}/269.html"
  },
  {
    "name": "Bad Ice Cream 2",
    "cover": "{COVER_URL}/270.png",
    "url": "{HTML_URL}/270.html"
  },
  {
    "name": "Bad Ice Cream 3",
    "cover": "{COVER_URL}/271.png",
    "url": "{HTML_URL}/271.html"
  },
  {
    "name": "Basketball Stars",
    "cover": "{COVER_URL}/272.png",
    "url": "{HTML_URL}/272.html"
  },
  {
    "name": "BlockPost",
    "cover": "{COVER_URL}/273.png",
    "url": "{HTML_URL}/273.html"
  },
  {
    "name": "CircloO",
    "cover": "{COVER_URL}/274.png",
    "url": "{HTML_URL}/274.html"
  },
  {
    "name": "CircloO 2",
    "cover": "{COVER_URL}/275.png",
    "url": "{HTML_URL}/275.html"
  },
  {
    "name": "Drift Boss",
    "cover": "{COVER_URL}/276.png",
    "url": "{HTML_URL}/276.html"
  },
  {
    "name": "Evil Glitch",
    "cover": "{COVER_URL}/277.png",
    "url": "{HTML_URL}/277.html"
  },
  {
    "name": "Madalin Stunt Cars 2",
    "cover": "{COVER_URL}/278.png",
    "url": "{HTML_URL}/278.html"
  },
  {
    "name": "Madalin Stunt Cars 3",
    "cover": "{COVER_URL}/279.png",
    "url": "{HTML_URL}/279.html"
  },
  {
    "name": "Papery Planes",
    "cover": "{COVER_URL}/280.png",
    "url": "{HTML_URL}/280.html"
  },
  {
    "name": "Pixel Gun Survival",
    "cover": "{COVER_URL}/281.png",
    "url": "{HTML_URL}/281.html"
  },
  {
    "name": "Protektor",
    "cover": "{COVER_URL}/282.png",
    "url": "{HTML_URL}/282.html"
  },
  {
    "name": "Rooftop Snipers",
    "cover": "{COVER_URL}/283.png",
    "url": "{HTML_URL}/283.html"
  },
  {
    "name": "War The Knights",
    "cover": "{COVER_URL}/284.png",
    "url": "{HTML_URL}/284.html"
  },
  {
    "name": "Basket Bros",
    "cover": "{COVER_URL}/285.png",
    "url": "{HTML_URL}/285.html"
  },
  {
    "name": "Endoparasitic",
    "cover": "{COVER_URL}/286.png",
    "url": "{HTML_URL}/286.html"
  },
  {
    "name": "Riddle School",
    "cover": "{COVER_URL}/287.png",
    "url": "{HTML_URL}/287.html"
  },
  {
    "name": "Riddle School 2",
    "cover": "{COVER_URL}/288.png",
    "url": "{HTML_URL}/288.html"
  },
  {
    "name": "Riddle School 3",
    "cover": "{COVER_URL}/289.png",
    "url": "{HTML_URL}/289.html"
  },
  {
    "name": "Riddle School 4",
    "cover": "{COVER_URL}/290.png",
    "url": "{HTML_URL}/290.html"
  },
  {
    "name": "Riddle School 5",
    "cover": "{COVER_URL}/291.png",
    "url": "{HTML_URL}/291.html"
  },
  {
    "name": "Riddle Transfer",
    "cover": "{COVER_URL}/292.png",
    "url": "{HTML_URL}/292.html"
  },
  {
    "name": "Riddle Transfer 2",
    "cover": "{COVER_URL}/293.png",
    "url": "{HTML_URL}/293.html"
  },
  {
    "name": "Idle Dice",
    "cover": "{COVER_URL}/294.png",
    "url": "{HTML_URL}/294.html"
  },
  {
    "name": "12 Mini Battles",
    "cover": "{COVER_URL}/295.png",
    "url": "{HTML_URL}/295.html"
  },
  {
    "name": "Play!.js",
    "cover": "{COVER_URL}/296.png",
    "url": "{HTML_URL}/296.html"
  },
  {
    "name": "Minecraft 1.5.2",
    "cover": "{COVER_URL}/297.png",
    "url": "{HTML_URL}/297.html"
  },
  {
    "name": "Minecraft Alpha 1.2.6",
    "cover": "{COVER_URL}/298.png",
    "url": "{HTML_URL}/298.html"
  },
  {
    "name": "Minecraft Beta 1.3",
    "cover": "{COVER_URL}/299.png",
    "url": "{HTML_URL}/299.html"
  },
  {
    "name": "Minecraft Beta 1.7.3",
    "cover": "{COVER_URL}/300.png",
    "url": "{HTML_URL}/300.html"
  },
  {
    "name": "Minecraft Indev",
    "cover": "{COVER_URL}/301.png",
    "url": "{HTML_URL}/301.html"
  },
  {
    "name": "Little Runmo",
    "cover": "{COVER_URL}/302.png",
    "url": "{HTML_URL}/302.html"
  },
  {
    "name": "Territorial.io",
    "cover": "{COVER_URL}/303.png",
    "url": "https://territorial.io",
    "direct": true,
    "featured": true
  },
  {
    "name": "Alien Hominid",
    "cover": "{COVER_URL}/304.png",
    "url": "{HTML_URL}/304.html"
  },
  {
    "name": "Tanuki Sunset",
    "cover": "{COVER_URL}/305.png",
    "url": "{HTML_URL}/305.html"
  },
  {
    "name": "Shipo.io",
    "cover": "{COVER_URL}/306.png",
    "url": "{HTML_URL}/306.html"
  },
  {
    "name": "Rainbow Obby",
    "cover": "{COVER_URL}/307.png",
    "url": "{HTML_URL}/307.html"
  },
  {
    "name": "Nazi Zombies: Portable",
    "cover": "{COVER_URL}/308.png",
    "url": "{HTML_URL}/308.html"
  },
  {
    "name": "Sandboxels",
    "cover": "{COVER_URL}/309.png",
    "url": "{HTML_URL}/309.html"
  },
  {
    "name": "Dreadhead Parkour",
    "cover": "{COVER_URL}/310.png",
    "url": "{HTML_URL}/310.html"
  },
  {
    "name": "Sandtris",
    "cover": "{COVER_URL}/311.png",
    "url": "{HTML_URL}/311.html"
  },
  {
    "name": "BlackJack",
    "cover": "{COVER_URL}/312.png",
    "url": "{HTML_URL}/312.html"
  },
  {
    "name": "Minesweeper Mania",
    "cover": "{COVER_URL}/313.png",
    "url": "{HTML_URL}/313.html"
  },
  {
    "name": "Super Mario 63",
    "cover": "{COVER_URL}/314.png",
    "url": "{HTML_URL}/314.html"
  },
  {
    "name": "Jelly Mario",
    "cover": "{COVER_URL}/315.png",
    "url": "{HTML_URL}/315.html"
  },
  {
    "name": "Angry Birds Chrome",
    "cover": "{COVER_URL}/316.png",
    "url": "{HTML_URL}/316.html"
  },
  {
    "name": "sandspiel",
    "cover": "{COVER_URL}/317.png",
    "url": "{HTML_URL}/317.html"
  },
  {
    "name": "Side Effects",
    "cover": "{COVER_URL}/318.png",
    "url": "{HTML_URL}/318.html"
  },
  {
    "name": "Build a Queen",
    "cover": "{COVER_URL}/319.png",
    "url": "{HTML_URL}/319.html"
  },
  {
    "name": "3D Bowling",
    "cover": "{COVER_URL}/320.png",
    "url": "{HTML_URL}/320.html"
  },
  {
    "name": "Room Sort",
    "cover": "{COVER_URL}/321.png",
    "url": "{HTML_URL}/321.html"
  },
  {
    "name": "Sushi Roll",
    "cover": "{COVER_URL}/322.png",
    "url": "{HTML_URL}/322.html"
  },
  {
    "name": "Find the Alien",
    "cover": "{COVER_URL}/323.png",
    "url": "{HTML_URL}/323.html"
  },
  {
    "name": "Maze Speedrun",
    "cover": "{COVER_URL}/324.png",
    "url": "{HTML_URL}/324.html"
  },
  {
    "name": "Kitchen Bazar",
    "cover": "{COVER_URL}/325.png",
    "url": "{HTML_URL}/325.html"
  },
  {
    "name": "Pokey Ball",
    "cover": "{COVER_URL}/326.png",
    "url": "{HTML_URL}/326.html"
  },
  {
    "name": "Slime.io",
    "cover": "{COVER_URL}/327.png",
    "url": "{HTML_URL}/327.html"
  },
  {
    "name": "Om Nom Run",
    "cover": "{COVER_URL}/328.png",
    "url": "{HTML_URL}/328.html"
  },
  {
    "name": "TileTopia",
    "cover": "{COVER_URL}/329.png",
    "url": "{HTML_URL}/329.html"
  },
  {
    "name": "BitPlanes",
    "cover": "{COVER_URL}/330.png",
    "url": "{HTML_URL}/330.html"
  },
  {
    "name": "Crazy Cars",
    "cover": "{COVER_URL}/331.png",
    "url": "{HTML_URL}/331.html"
  },
  {
    "name": "Going Balls",
    "cover": "{COVER_URL}/332.png",
    "url": "{HTML_URL}/332.html"
  },
  {
    "name": "Fancy Pants Adventure",
    "cover": "{COVER_URL}/333.png",
    "url": "{HTML_URL}/333.html"
  },
  {
    "name": "Fancy Pants Adventure 2",
    "cover": "{COVER_URL}/334.png",
    "url": "{HTML_URL}/334.html"
  },
  {
    "name": "Fancy Pants Adventure 3",
    "cover": "{COVER_URL}/335.png",
    "url": "{HTML_URL}/335.html"
  },
  {
    "name": "Fancy Pants Adventure 4 Part 1",
    "cover": "{COVER_URL}/336.png",
    "url": "{HTML_URL}/336.html"
  },
  {
    "name": "Fancy Pants Adventure 4 Part 2",
    "cover": "{COVER_URL}/337.png",
    "url": "{HTML_URL}/337.html"
  },
  {
    "name": "Getaway Shootout",
    "cover": "{COVER_URL}/338.png",
    "url": "{HTML_URL}/338.html"
  },
  {
    "name": "House of Hazards",
    "cover": "{COVER_URL}/339.png",
    "url": "{HTML_URL}/339.html"
  },
  {
    "name": "Learn to Fly",
    "cover": "{COVER_URL}/340.png",
    "url": "{HTML_URL}/340.html"
  },
  {
    "name": "Learn to Fly 2",
    "cover": "{COVER_URL}/341.png",
    "url": "{HTML_URL}/341.html"
  },
  {
    "name": "Learn to Fly 3",
    "cover": "{COVER_URL}/342.png",
    "url": "{HTML_URL}/342.html"
  },
  {
    "name": "Learn to Fly Idle",
    "cover": "{COVER_URL}/343.png",
    "url": "{HTML_URL}/343.html"
  },
  {
    "name": "Raft Wars",
    "cover": "{COVER_URL}/344.png",
    "url": "{HTML_URL}/344.html"
  },
  {
    "name": "Raft Wars 2",
    "cover": "{COVER_URL}/345.png",
    "url": "{HTML_URL}/345.html"
  },
  {
    "name": "Sort the Court",
    "cover": "{COVER_URL}/346.png",
    "url": "{HTML_URL}/346.html"
  },
  {
    "name": "SpiderDoll",
    "cover": "{COVER_URL}/347.png",
    "url": "{HTML_URL}/347.html"
  },
  {
    "name": "They Are Coming",
    "cover": "{COVER_URL}/348.png",
    "url": "{HTML_URL}/348.html"
  },
  {
    "name": "Spiral Roll",
    "cover": "{COVER_URL}/349.png",
    "url": "{HTML_URL}/349.html"
  },
  {
    "name": "Binding of Issac: Wrath of the Lamb",
    "cover": "{COVER_URL}/350.png",
    "url": "{HTML_URL}/350.html"
  },
  {
    "name": "Happy Sheepies",
    "cover": "{COVER_URL}/351.png",
    "url": "{HTML_URL}/351.html"
  },
  {
    "name": "DON'T YOU LECTURE ME",
    "cover": "{COVER_URL}/352.png",
    "url": "{HTML_URL}/352.html"
  },
  {
    "name": "Blumgi Rocket",
    "cover": "{COVER_URL}/353.png",
    "url": "{HTML_URL}/353.html"
  },
  {
    "name": "Adventure Capatalist",
    "cover": "{COVER_URL}/354.png",
    "url": "{HTML_URL}/354.html"
  },
  {
    "name": "Dadish 2",
    "cover": "{COVER_URL}/355.png",
    "url": "{HTML_URL}/355.html"
  },
  {
    "name": "Dadish 3",
    "cover": "{COVER_URL}/356.png",
    "url": "{HTML_URL}/356.html"
  },
  {
    "name": "Dadish",
    "cover": "{COVER_URL}/357.png",
    "url": "{HTML_URL}/357.html"
  },
  {
    "name": "Dadish 3D",
    "cover": "{COVER_URL}/358.png",
    "url": "{HTML_URL}/358.html"
  },
  {
    "name": "Daily Dadish",
    "cover": "{COVER_URL}/359.png",
    "url": "{HTML_URL}/359.html"
  },
  {
    "name": "EvoWars.io",
    "cover": "{COVER_URL}/360.png",
    "url": "{HTML_URL}/360.html"
  },
  {
    "name": "Google Feud",
    "cover": "{COVER_URL}/361.png",
    "url": "{HTML_URL}/361.html"
  },
  {
    "name": "Idle Breakout",
    "cover": "{COVER_URL}/362.png",
    "url": "{HTML_URL}/362.html"
  },
  {
    "name": "Idle Lumber Inc",
    "cover": "{COVER_URL}/363.png",
    "url": "{HTML_URL}/363.html"
  },
  {
    "name": "Idle Mining Empire",
    "cover": "{COVER_URL}/364.png",
    "url": "{HTML_URL}/364.html"
  },
  {
    "name": "JustFall.lol",
    "cover": "{COVER_URL}/365.png",
    "url": "{HTML_URL}/365.html"
  },
  {
    "name": "Merge Harvest",
    "cover": "{COVER_URL}/366.png",
    "url": "{HTML_URL}/366.html"
  },
  {
    "name": "Parking Fury 3D",
    "cover": "{COVER_URL}/367.png",
    "url": "{HTML_URL}/367.html"
  },
  {
    "name": "Slope 2",
    "cover": "{COVER_URL}/368.png",
    "url": "{HTML_URL}/368.html"
  },
  {
    "name": "Slowroads",
    "cover": "{COVER_URL}/369.png",
    "url": "{HTML_URL}/369.html"
  },
  {
    "name": "Smash Karts",
    "cover": "{COVER_URL}/370.png",
    "url": "{HTML_URL}/370.html"
  },
  {
    "name": "Stickman Fight Ragdoll",
    "cover": "{COVER_URL}/371.png",
    "url": "{HTML_URL}/371.html"
  },
  {
    "name": "Stickman Boost",
    "cover": "{COVER_URL}/372.png",
    "url": "{HTML_URL}/372.html"
  },
  {
    "name": "Stickman Climb",
    "cover": "{COVER_URL}/373.png",
    "url": "{HTML_URL}/373.html"
  },
  {
    "name": "Stickman Golf",
    "cover": "{COVER_URL}/374.png",
    "url": "{HTML_URL}/374.html"
  },
  {
    "name": "2048 Merge Run",
    "cover": "{COVER_URL}/375.png",
    "url": "{HTML_URL}/375.html"
  },
  {
    "name": "Build a Big Army",
    "cover": "{COVER_URL}/376.png",
    "url": "{HTML_URL}/376.html"
  },
  {
    "name": "Build a Plane",
    "cover": "{COVER_URL}/377.png",
    "url": "{HTML_URL}/377.html"
  },
  {
    "name": "Camouflage and Sniper",
    "cover": "{COVER_URL}/378.png",
    "url": "{HTML_URL}/378.html"
  },
  {
    "name": "Car Survival 3D",
    "cover": "{COVER_URL}/379.png",
    "url": "{HTML_URL}/379.html"
  },
  {
    "name": "City Defense",
    "cover": "{COVER_URL}/380.png",
    "url": "{HTML_URL}/380.html"
  },
  {
    "name": "Clothing Shop 3D",
    "cover": "{COVER_URL}/381.png",
    "url": "{HTML_URL}/381.html"
  },
  {
    "name": "Cool Cars Run 3D",
    "cover": "{COVER_URL}/382.png",
    "url": "{HTML_URL}/382.html"
  },
  {
    "name": "Crush Cars 3D",
    "cover": "{COVER_URL}/383.png",
    "url": "{HTML_URL}/383.html"
  },
  {
    "name": "Destiny Run 3D",
    "cover": "{COVER_URL}/384.png",
    "url": "{HTML_URL}/384.html"
  },
  {
    "name": "Destroy The Car 3D",
    "cover": "{COVER_URL}/385.png",
    "url": "{HTML_URL}/385.html"
  },
  {
    "name": "Diamond Seeker",
    "cover": "{COVER_URL}/386.png",
    "url": "{HTML_URL}/386.html"
  },
  {
    "name": "Draw Joust",
    "cover": "{COVER_URL}/387.png",
    "url": "{HTML_URL}/387.html"
  },
  {
    "name": "Evolving Bombs 3D",
    "cover": "{COVER_URL}/388.png",
    "url": "{HTML_URL}/388.html"
  },
  {
    "name": "Fire and Frost Master",
    "cover": "{COVER_URL}/389.png",
    "url": "{HTML_URL}/389.html"
  },
  {
    "name": "Fitness Empire",
    "cover": "{COVER_URL}/390.png",
    "url": "{HTML_URL}/390.html"
  },
  {
    "name": "Flick Goal",
    "cover": "{COVER_URL}/391.png",
    "url": "{HTML_URL}/391.html"
  },
  {
    "name": "Flip Master",
    "cover": "{COVER_URL}/392.png",
    "url": "{HTML_URL}/392.html"
  },
  {
    "name": "Giant Wanted",
    "cover": "{COVER_URL}/393.png",
    "url": "{HTML_URL}/393.html"
  },
  {
    "name": "Gun Clone",
    "cover": "{COVER_URL}/394.png",
    "url": "{HTML_URL}/394.html"
  },
  {
    "name": "Gun Runner",
    "cover": "{COVER_URL}/395.png",
    "url": "{HTML_URL}/395.html"
  },
  {
    "name": "Kaji Run",
    "cover": "{COVER_URL}/396.png",
    "url": "{HTML_URL}/396.html"
  },
  {
    "name": "Make a SuperBoat",
    "cover": "{COVER_URL}/397.png",
    "url": "{HTML_URL}/397.html"
  },
  {
    "name": "Makeover Run",
    "cover": "{COVER_URL}/398.png",
    "url": "{HTML_URL}/398.html"
  },
  {
    "name": "Mega Car Jumps",
    "cover": "{COVER_URL}/399.png",
    "url": "{HTML_URL}/399.html"
  },
  {
    "name": "Money Rush",
    "cover": "{COVER_URL}/400.png",
    "url": "{HTML_URL}/400.html"
  },
  {
    "name": "Monster Box 3D",
    "cover": "{COVER_URL}/401.png",
    "url": "{HTML_URL}/401.html"
  },
  {
    "name": "Office Fight",
    "cover": "{COVER_URL}/402.png",
    "url": "{HTML_URL}/402.html"
  },
  {
    "name": "Robot Invasion",
    "cover": "{COVER_URL}/403.png",
    "url": "{HTML_URL}/403.html"
  },
  {
    "name": "Seat Jam 3D",
    "cover": "{COVER_URL}/404.png",
    "url": "{HTML_URL}/404.html"
  },
  {
    "name": "Shooting Master",
    "cover": "{COVER_URL}/405.png",
    "url": "{HTML_URL}/405.html"
  },
  {
    "name": "Supermarket 3D",
    "cover": "{COVER_URL}/406.png",
    "url": "{HTML_URL}/406.html"
  },
  {
    "name": "Survive to Victory",
    "cover": "{COVER_URL}/407.png",
    "url": "{HTML_URL}/407.html"
  },
  {
    "name": "Telekinesis Attack",
    "cover": "{COVER_URL}/408.png",
    "url": "{HTML_URL}/408.html"
  },
  {
    "name": "Telekinesis Car",
    "cover": "{COVER_URL}/409.png",
    "url": "{HTML_URL}/409.html"
  },
  {
    "name": "Telekinesis Drive",
    "cover": "{COVER_URL}/410.png",
    "url": "{HTML_URL}/410.html"
  },
  {
    "name": "Telekinesis",
    "cover": "{COVER_URL}/411.png",
    "url": "{HTML_URL}/411.html"
  },
  {
    "name": "Triple Match 3D",
    "cover": "{COVER_URL}/412.png",
    "url": "{HTML_URL}/412.html"
  },
  {
    "name": "Tug of War with Cars",
    "cover": "{COVER_URL}/413.png",
    "url": "{HTML_URL}/413.html"
  },
  {
    "name": "Twerk Race 3D",
    "cover": "{COVER_URL}/414.png",
    "url": "{HTML_URL}/414.html"
  },
  {
    "name": "Twisted Rope 3D",
    "cover": "{COVER_URL}/415.png",
    "url": "{HTML_URL}/415.html"
  },
  {
    "name": "Wall Crawler",
    "cover": "{COVER_URL}/416.png",
    "url": "{HTML_URL}/416.html"
  },
  {
    "name": "War Regions",
    "cover": "{COVER_URL}/417.png",
    "url": "{HTML_URL}/417.html"
  },
  {
    "name": "Weapon Craft Run",
    "cover": "{COVER_URL}/418.png",
    "url": "{HTML_URL}/418.html"
  },
  {
    "name": "Weapon Upgrade Rush",
    "cover": "{COVER_URL}/419.png",
    "url": "{HTML_URL}/419.html"
  },
  {
    "name": "Weapon Scale",
    "cover": "{COVER_URL}/420.png",
    "url": "{HTML_URL}/420.html"
  },
  {
    "name": "Rich Run 3D",
    "cover": "{COVER_URL}/421.png",
    "url": "{HTML_URL}/421.html"
  },
  {
    "name": "High Heels",
    "cover": "{COVER_URL}/422.png",
    "url": "{HTML_URL}/422.html"
  },
  {
    "name": "WebFishing",
    "cover": "{COVER_URL}/423.png",
    "url": "{HTML_URL}/423.html"
  },
  {
    "name": "Andy's Apple Farm",
    "cover": "{COVER_URL}/426.png",
    "url": "{HTML_URL}/426.html"
  },
  {
    "name": "OMORI",
    "cover": "{COVER_URL}/427.png",
    "url": "{HTML_URL}/427.html"
  },
  {
    "name": "Five Nights at Freddy's 4: Halloween",
    "cover": "{COVER_URL}/428.png",
    "url": "{HTML_URL}/428.html"
  },
  {
    "name": "Code Editor",
    "cover": "{COVER_URL}/429.png",
    "url": "{HTML_URL}/429.html"
  },
  {
    "name": "10 Minutes Till Dawn",
    "cover": "{COVER_URL}/430.png",
    "url": "{HTML_URL}/430.html"
  },
  {
    "name": "99 Balls",
    "cover": "{COVER_URL}/431.png",
    "url": "{HTML_URL}/431.html"
  },
  {
    "name": "Abandoned",
    "cover": "{COVER_URL}/432.png",
    "url": "{HTML_URL}/432.html"
  },
  {
    "name": "Yume Nikki",
    "cover": "{COVER_URL}/433.png",
    "url": "{HTML_URL}/433.html"
  },
  {
    "name": "God's Flesh",
    "cover": "{COVER_URL}/434.png",
    "url": "{HTML_URL}/434.html"
  },
  {
    "name": "A Small World Cup",
    "cover": "{COVER_URL}/435.png",
    "url": "{HTML_URL}/435.html"
  },
  {
    "name": "Awesome Tanks",
    "cover": "{COVER_URL}/436.png",
    "url": "{HTML_URL}/436.html"
  },
  {
    "name": "Bouncemasters",
    "cover": "{COVER_URL}/437.png",
    "url": "{HTML_URL}/437.html"
  },
  {
    "name": "Awesome Tanks 2",
    "cover": "{COVER_URL}/438.png",
    "url": "{HTML_URL}/438.html"
  },
  {
    "name": "Bank Robbery 2",
    "cover": "{COVER_URL}/439.png",
    "url": "{HTML_URL}/439.html"
  },
  {
    "name": "Celeste PICO",
    "cover": "{COVER_URL}/440.png",
    "url": "{HTML_URL}/440.html"
  },
  {
    "name": "Kitty Toy",
    "cover": "{COVER_URL}/441.png",
    "url": "{HTML_URL}/441.html"
  },
  {
    "name": "Infinimoes",
    "cover": "{COVER_URL}/442.png",
    "url": "{HTML_URL}/442.html"
  },
  {
    "name": "Adventure Drivers",
    "cover": "{COVER_URL}/443.png",
    "url": "{HTML_URL}/443.html"
  },
  {
    "name": "Ages of Conflict",
    "cover": "{COVER_URL}/444.png",
    "url": "{HTML_URL}/444.html"
  },
  {
    "name": "Kindergarten",
    "cover": "{COVER_URL}/445.png",
    "url": "{HTML_URL}/445.html"
  },
  {
    "name": "Kindergarten 2",
    "cover": "{COVER_URL}/446.png",
    "url": "{HTML_URL}/446.html"
  },
  {
    "name": "Nijika's Ahoge",
    "cover": "{COVER_URL}/447.png",
    "url": "{HTML_URL}/447.html"
  },
  {
    "name": "Aquapark.io",
    "cover": "{COVER_URL}/448.png",
    "url": "{HTML_URL}/448.html"
  },
  {
    "name": "City Smash",
    "cover": "{COVER_URL}/449.png",
    "url": "{HTML_URL}/449.html"
  },
  {
    "name": "Amanda the Adventurer",
    "cover": "{COVER_URL}/450.png",
    "url": "{HTML_URL}/450.html"
  },
  {
    "name": "Slender: The 8 Pages",
    "cover": "{COVER_URL}/451.png",
    "url": "{HTML_URL}/451.html"
  },
  {
    "name": "Station 141",
    "cover": "{COVER_URL}/452.png",
    "url": "{HTML_URL}/452.html"
  },
  {
    "name": "Station Saturn",
    "cover": "{COVER_URL}/453.png",
    "url": "{HTML_URL}/453.html"
  },
  {
    "name": "BLOODMONEY!",
    "cover": "{COVER_URL}/454.png",
    "url": "{HTML_URL}/454.html"
  },
  {
    "name": "BERGENTRUCK 201x",
    "cover": "{COVER_URL}/455.png",
    "url": "{HTML_URL}/455.html"
  },
  {
    "name": "Undertale Yellow",
    "cover": "{COVER_URL}/456.png",
    "url": "{HTML_URL}/456.html"
  },
  {
    "name": "Raft",
    "cover": "{COVER_URL}/457.png",
    "url": "{HTML_URL}/457.html"
  },
  {
    "name": "The Deadseat",
    "cover": "{COVER_URL}/458.png",
    "url": "{HTML_URL}/458.html"
  },
  {
    "name": "The Man In The Window",
    "cover": "{COVER_URL}/459.png",
    "url": "{HTML_URL}/459.html"
  },
  {
    "name": "Fears to Fathom: Home Alone",
    "cover": "{COVER_URL}/460.png",
    "url": "{HTML_URL}/460.html"
  },
  {
    "name": "Slither.io",
    "cover": "{COVER_URL}/461.png",
    "url": "{HTML_URL}/461.html"
  },
  {
    "name": "DEAD PLATE",
    "cover": "{COVER_URL}/462.png",
    "url": "{HTML_URL}/462.html"
  },
  {
    "name": "Lacey's Flash Games",
    "cover": "{COVER_URL}/463.png",
    "url": "{HTML_URL}/463.html"
  },
  {
    "name": "Choppy Orc",
    "cover": "{COVER_URL}/464.png",
    "url": "{HTML_URL}/464.html"
  },
  {
    "name": "Cuphead",
    "cover": "{COVER_URL}/465.png",
    "url": "{HTML_URL}/465.html"
  },
  {
    "name": "Baldi's Basics Classic Remastered",
    "cover": "{COVER_URL}/466.png",
    "url": "{HTML_URL}/466.html"
  },
  {
    "name": "Baldi's Basics Plus",
    "cover": "{COVER_URL}/467.png",
    "url": "{HTML_URL}/467.html"
  },
  {
    "name": "sandstone",
    "cover": "{COVER_URL}/469.png",
    "url": "{HTML_URL}/469.html"
  },
  {
    "name": "Doodle Jump",
    "cover": "{COVER_URL}/470.png",
    "url": "{HTML_URL}/470.html",
    "featured": true
  },
  {
    "name": "Madness Combat: Project Nexus (classic)",
    "cover": "{COVER_URL}/471.png",
    "url": "{HTML_URL}/471.html"
  },
  {
    "name": "Bad Time Simulator",
    "cover": "{COVER_URL}/472.png",
    "url": "{HTML_URL}/472.html"
  },
  {
    "name": "Spacebar Clicker",
    "cover": "{COVER_URL}/473.png",
    "url": "{HTML_URL}/473.html"
  },
  {
    "name": "Friday Night Funkin’ V.S. Whitty",
    "cover": "{COVER_URL}/474.png",
    "url": "{HTML_URL}/474.html"
  },
  {
    "name": "Friday Night Funkin B-Sides",
    "cover": "{COVER_URL}/475.png",
    "url": "{HTML_URL}/475.html"
  },
  {
    "name": "Friday Night Funkin Vs. Hex",
    "cover": "{COVER_URL}/476.png",
    "url": "{HTML_URL}/476.html"
  },
  {
    "name": "Friday Night Funkin Vs. Hatsune Miku",
    "cover": "{COVER_URL}/477.png",
    "url": "{HTML_URL}/477.html"
  },
  {
    "name": "Friday Night Funkin Neo",
    "cover": "{COVER_URL}/478.png",
    "url": "{HTML_URL}/478.html"
  },
  {
    "name": "Steal A Brainrot",
    "cover": "{COVER_URL}/479.png",
    "url": "{HTML_URL}/479.html"
  },
  {
    "name": "Friday Night Funkin’ Sarvente's Mid-Fight Masses",
    "cover": "{COVER_URL}/480.png",
    "url": "{HTML_URL}/480.html"
  },
  {
    "name": "Friday Night Funkin vs. Tricky",
    "cover": "{COVER_URL}/481.png",
    "url": "{HTML_URL}/481.html"
  }
]